city,datetime,aqi,pm25,pm10,co,no2,o3,so2
Delhi,2026-02-12 18:20:26.246651,,28.0,31.0,484.0,14.7,118.0,19.4
Mumbai,2026-02-12 18:20:28.077973,,74.3,75.9,461.0,30.2,316.0,31.9
Kolkata,2026-02-12 18:20:30.248427,,59.5,66.4,507.0,19.0,141.0,22.9
Chennai,2026-02-12 18:20:32.440482,,19.2,24.2,278.0,3.5,105.0,3.9
Bengaluru,2026-02-12 18:20:34.899132,,12.1,13.2,377.0,7.2,106.0,3.1
Hyderabad,2026-02-12 18:20:36.828146,,24.0,25.5,388.0,4.4,151.0,10.6
Pune,2026-02-12 18:20:38.598897,,26.4,27.7,295.0,3.0,160.0,6.2
Ahmedabad,2026-02-12 18:20:40.348728,,47.3,48.8,334.0,8.4,148.0,17.2
Jaipur,2026-02-12 18:20:42.076677,,28.6,38.3,371.0,3.6,150.0,8.4
Lucknow,2026-02-12 18:20:43.565294,,29.0,33.9,332.0,8.0,113.0,11.8
Chandigarh,2026-02-12 18:20:45.407262,,39.3,41.6,657.0,8.8,136.0,21.3
Bhopal,2026-02-12 18:20:47.123652,,50.4,52.2,320.0,4.0,126.0,9.9
Indore,2026-02-12 18:20:48.706174,,49.6,51.0,363.0,6.5,142.0,11.9
Nagpur,2026-02-12 18:20:50.229247,,54.7,56.3,347.0,20.1,164.0,46.2
Surat,2026-02-12 18:20:52.113202,,86.1,86.8,511.0,82.2,87.0,139.7
Patna,2026-02-12 18:20:54.325556,,65.2,71.5,457.0,12.1,134.0,18.7
Ranchi,2026-02-12 18:20:56.207677,,25.7,31.8,225.0,3.6,125.0,7.5
Guwahati,2026-02-12 18:20:57.978002,,29.4,31.8,588.0,7.4,109.0,4.1
Dehradun,2026-02-12 18:20:59.549694,,31.8,34.2,455.0,7.3,142.0,15.0
Shimla,2026-02-12 18:21:01.231722,,26.5,29.7,327.0,5.3,142.0,15.3
Srinagar,2026-02-12 18:21:03.033492,,36.4,42.3,1501.0,21.6,153.0,11.5
Varanasi,2026-02-12 18:21:04.997321,,39.0,45.3,490.0,8.5,118.0,11.4
Kanpur,2026-02-12 18:21:07.262224,,29.3,36.7,378.0,9.2,112.0,10.4
Amritsar,2026-02-12 18:21:08.798430,,37.4,40.5,723.0,14.7,119.0,11.4
Ludhiana,2026-02-12 18:21:10.525557,,44.0,45.2,496.0,11.9,87.0,6.9
Coimbatore,2026-02-12 18:21:12.761052,,16.9,18.9,220.0,2.8,137.0,4.7
Madurai,2026-02-12 18:21:15.024117,,19.3,22.1,221.0,4.4,117.0,4.3
Visakhapatnam,2026-02-12 18:21:17.382631,,41.4,44.0,523.0,21.8,136.0,15.9
Vijayawada,2026-02-12 18:21:19.547096,,39.8,41.1,277.0,5.3,137.0,13.9
Raipur,2026-02-12 18:21:21.794685,,61.5,63.3,424.0,19.0,123.0,25.8
Bhubaneswar,2026-02-12 18:21:24.366566,,65.9,68.5,516.0,15.7,139.0,20.4
Thiruvananthapuram,2026-02-12 18:21:26.288311,,35.5,39.7,241.0,2.9,175.0,6.0
Kochi,2026-02-12 18:21:28.094121,,34.0,35.6,250.0,5.6,167.0,4.6
Mysuru,2026-02-12 18:21:29.896400,,11.8,13.0,204.0,3.4,123.0,2.9
Jodhpur,2026-02-12 18:21:32.067851,,24.7,31.3,312.0,2.5,138.0,6.1
Udaipur,2026-02-12 18:21:33.541366,,36.8,39.1,281.0,1.6,149.0,11.0
Gwalior,2026-02-12 18:21:35.263051,,27.0,41.0,330.0,5.0,108.0,7.8
Jabalpur,2026-02-12 18:21:37.140642,,41.9,43.7,292.0,4.8,117.0,8.2
Agra,2026-02-12 18:21:39.055070,,34.2,42.5,399.0,14.8,111.0,11.9
Meerut,2026-02-12 18:21:40.922657,,28.1,30.6,388.0,13.4,120.0,19.2
Noida,2026-02-12 18:21:42.426716,,28.1,31.5,500.0,17.8,115.0,18.4
Gurugram,2026-02-12 18:21:44.289639,,28.1,31.5,706.0,17.8,115.0,18.4
Faridabad,2026-02-12 18:21:46.273302,,28.1,31.5,531.0,17.8,115.0,18.4
Ghaziabad,2026-02-12 18:21:48.467776,,28.1,30.6,452.0,13.4,120.0,19.2
Panipat,2026-02-12 18:21:50.638691,,27.6,48.4,461.0,9.6,99.0,11.5
Sonipat,2026-02-12 18:21:52.099759,,28.0,31.0,475.0,14.7,118.0,19.4
Hisar,2026-02-12 18:21:54.060757,,26.4,28.1,375.0,8.7,93.0,4.8
Rohtak,2026-02-12 18:21:56.045710,,27.0,28.2,521.0,9.6,101.0,6.3
Bareilly,2026-02-12 18:21:57.806130,,24.6,26.6,334.0,6.7,119.0,10.6
Aligarh,2026-02-12 18:21:59.327370,,26.7,30.5,465.0,9.4,141.0,18.1
Moradabad,2026-02-12 18:22:02.350641,,26.2,27.8,395.0,8.4,115.0,12.2
Prayagraj,2026-02-12 18:22:05.832424,,31.4,37.1,414.0,6.9,110.0,9.8
Gorakhpur,2026-02-12 18:22:08.494361,,34.2,37.5,280.0,6.4,128.0,12.3
Deoghar,2026-02-12 18:22:12.492516,,44.2,49.5,260.0,6.2,139.0,10.4
Dhanbad,2026-02-12 18:22:15.153256,,42.5,49.4,225.0,20.7,108.0,25.7
Siliguri,2026-02-12 18:22:19.348753,,43.0,47.7,883.0,9.6,145.0,8.6
Asansol,2026-02-12 18:22:21.398192,,42.3,48.3,315.0,14.7,118.0,21.8
Jamshedpur,2026-02-12 18:22:22.952302,,44.1,54.1,308.0,18.4,125.0,29.9
Cuttack,2026-02-12 18:22:24.829419,,65.9,68.5,476.0,15.7,139.0,20.4
Rourkela,2026-02-12 18:22:27.160593,,31.5,38.4,558.0,11.3,112.0,12.9
Sambalpur,2026-02-12 18:22:29.379684,,51.2,54.4,378.0,8.1,154.0,25.8
Aurangabad,2026-02-12 18:22:32.060561,,35.5,36.6,290.0,2.2,164.0,8.3
Nashik,2026-02-12 18:22:33.872655,,32.6,33.8,293.0,4.3,161.0,7.9
Solapur,2026-02-12 18:22:35.534570,,24.0,25.4,304.0,2.3,164.0,7.5
Kolhapur,2026-02-12 18:22:37.406035,,24.2,25.3,296.0,7.4,138.0,5.5
Vadodara,2026-02-12 18:22:40.363994,,54.2,55.2,350.0,13.4,158.0,13.8
Rajkot,2026-02-12 18:22:43.523457,,32.9,35.3,258.0,2.1,153.0,10.8
Gandhinagar,2026-02-12 18:22:46.075612,,49.2,50.6,342.0,10.3,131.0,16.1
Tiruchirappalli,2026-02-12 18:22:48.101962,,31.7,33.8,251.0,6.7,127.0,15.0
Salem,2026-02-12 18:22:50.231999,,18.1,20.9,219.0,4.2,122.0,8.2
Erode,2026-02-12 18:22:52.147488,,19.1,22.1,219.0,3.6,132.0,4.7
Tirunelveli,2026-02-12 18:22:54.422731,,18.3,20.8,206.0,2.7,123.0,4.0
Warangal,2026-02-12 18:22:56.831893,,42.0,44.6,293.0,5.7,159.0,15.3
Nellore,2026-02-12 18:22:58.818492,,20.0,24.0,235.0,1.7,115.0,4.8
Kurnool,2026-02-12 18:23:00.808003,,21.0,22.5,235.0,1.3,140.0,7.8
Hubballi,2026-02-12 18:23:02.481656,,17.9,19.0,214.0,3.5,152.0,7.2
Mangaluru,2026-02-12 18:23:04.500238,,28.8,32.6,246.0,2.7,160.0,4.5
Belagavi,2026-02-12 18:23:06.630602,,16.4,17.6,217.0,3.3,142.0,4.8
Tirupati,2026-02-12 18:23:08.344677,,17.1,19.6,230.0,2.5,114.0,2.9
Pondicherry,2026-02-12 18:23:09.956976,,22.4,27.4,243.0,2.6,119.0,2.9
Delhi,2026-02-12 18:22:13.738779,,28.0,31.0,484.0,14.7,118.0,19.4
Mumbai,2026-02-12 18:22:17.503959,,74.3,75.9,461.0,30.2,316.0,31.9
Kolkata,2026-02-12 18:22:20.072419,,59.5,66.4,507.0,19.0,141.0,22.9
Chennai,2026-02-12 18:22:22.311225,,19.2,24.2,278.0,3.5,105.0,3.9
Bengaluru,2026-02-12 18:22:24.239416,,12.1,13.2,377.0,7.2,106.0,3.1
Hyderabad,2026-02-12 18:22:26.406543,,24.0,25.5,388.0,4.4,151.0,10.6
Pune,2026-02-12 18:22:29.651830,,26.4,27.7,295.0,3.0,160.0,6.2
Ahmedabad,2026-02-12 18:22:33.239571,,47.3,48.8,334.0,8.4,148.0,17.2
Jaipur,2026-02-12 18:22:35.452705,,28.6,38.3,371.0,3.6,150.0,8.4
Lucknow,2026-02-12 18:22:37.210796,,29.0,33.9,332.0,8.0,113.0,11.8
Chandigarh,2026-02-12 18:22:39.508127,,39.3,41.6,657.0,8.8,136.0,21.3
Bhopal,2026-02-12 18:22:41.359279,,50.4,52.2,320.0,4.0,126.0,9.9
Indore,2026-02-12 18:22:44.239605,,49.6,51.0,363.0,6.5,142.0,11.9
Nagpur,2026-02-12 18:22:46.393481,,54.7,56.3,347.0,20.1,164.0,46.2
Surat,2026-02-12 18:22:48.444143,,86.1,86.8,511.0,82.2,87.0,139.7
Patna,2026-02-12 18:22:50.748807,,65.2,71.5,457.0,12.1,134.0,18.7
Ranchi,2026-02-12 18:22:53.325622,,25.7,31.8,225.0,3.6,125.0,7.5
Guwahati,2026-02-12 18:22:56.440315,,29.4,31.8,588.0,7.4,109.0,4.1
Dehradun,2026-02-12 18:22:58.834433,,31.8,34.2,455.0,7.3,142.0,15.0
Shimla,2026-02-12 18:23:00.785300,,26.5,29.7,327.0,5.3,142.0,15.3
Srinagar,2026-02-12 18:23:02.434283,,36.4,42.3,1501.0,21.6,153.0,11.5
Varanasi,2026-02-12 18:23:04.850858,,39.0,45.3,490.0,8.5,118.0,11.4
Kanpur,2026-02-12 18:23:06.480610,,29.3,36.7,378.0,9.2,112.0,10.4
Amritsar,2026-02-12 18:23:08.277452,,37.4,40.5,723.0,14.7,119.0,11.4
Ludhiana,2026-02-12 18:23:10.409678,,44.0,45.2,496.0,11.9,87.0,6.9
Coimbatore,2026-02-12 18:23:12.390298,,16.9,18.9,220.0,2.8,137.0,4.7
Madurai,2026-02-12 18:23:14.677636,,19.3,22.1,221.0,4.4,117.0,4.3
Visakhapatnam,2026-02-12 18:23:17.267473,,41.4,44.0,523.0,21.8,136.0,15.9
Vijayawada,2026-02-12 18:23:18.785825,,39.8,41.1,277.0,5.3,137.0,13.9
Raipur,2026-02-12 18:23:20.643293,,61.5,63.3,424.0,19.0,123.0,25.8
Bhubaneswar,2026-02-12 18:23:22.152382,,65.9,68.5,516.0,15.7,139.0,20.4
Thiruvananthapuram,2026-02-12 18:23:23.707143,,35.5,39.7,241.0,2.9,175.0,6.0
Kochi,2026-02-12 18:23:25.219885,,34.0,35.6,250.0,5.6,167.0,4.6
Mysuru,2026-02-12 18:23:27.414228,,11.8,13.0,204.0,3.4,123.0,2.9
Jodhpur,2026-02-12 18:23:29.294566,,24.7,31.3,312.0,2.5,138.0,6.1
Udaipur,2026-02-12 18:23:31.134971,,36.8,39.1,281.0,1.6,149.0,11.0
Gwalior,2026-02-12 18:23:33.392575,,27.0,41.0,330.0,5.0,108.0,7.8
Jabalpur,2026-02-12 18:23:35.538680,,41.9,43.7,292.0,4.8,117.0,8.2
Agra,2026-02-12 18:23:40.040563,,34.2,42.5,399.0,14.8,111.0,11.9
Meerut,2026-02-12 18:23:44.241200,,28.1,30.6,388.0,13.4,120.0,19.2
Noida,2026-02-12 18:23:45.779771,,28.1,31.5,500.0,17.8,115.0,18.4
Gurugram,2026-02-12 18:23:48.234547,,28.1,31.5,706.0,17.8,115.0,18.4
Faridabad,2026-02-12 18:23:52.225565,,28.1,31.5,531.0,17.8,115.0,18.4
Ghaziabad,2026-02-12 18:23:53.719791,,28.1,30.6,452.0,13.4,120.0,19.2
Panipat,2026-02-12 18:23:55.575363,,27.6,48.4,461.0,9.6,99.0,11.5
Sonipat,2026-02-12 18:23:57.653388,,28.0,31.0,475.0,14.7,118.0,19.4
Hisar,2026-02-12 18:23:59.931669,,26.4,28.1,375.0,8.7,93.0,4.8
Rohtak,2026-02-12 18:24:02.596350,,27.0,28.2,521.0,9.6,101.0,6.3
Bareilly,2026-02-12 18:24:04.618288,,24.6,26.6,334.0,6.7,119.0,10.6
Aligarh,2026-02-12 18:24:06.795776,,26.7,30.5,465.0,9.4,141.0,18.1
Moradabad,2026-02-12 18:24:08.335928,,26.2,27.8,395.0,8.4,115.0,12.2
Prayagraj,2026-02-12 18:24:10.053098,,31.4,37.1,414.0,6.9,110.0,9.8
Gorakhpur,2026-02-12 18:24:12.400831,,34.2,37.5,280.0,6.4,128.0,12.3
Deoghar,2026-02-12 18:24:16.087746,,44.2,49.5,260.0,6.2,139.0,10.4
Dhanbad,2026-02-12 18:24:17.891709,,42.5,49.4,225.0,20.7,108.0,25.7
Siliguri,2026-02-12 18:24:20.082648,,43.0,47.7,883.0,9.6,145.0,8.6
Asansol,2026-02-12 18:24:22.487423,,42.3,48.3,315.0,14.7,118.0,21.8
Jamshedpur,2026-02-12 18:24:24.689757,,44.1,54.1,308.0,18.4,125.0,29.9
Cuttack,2026-02-12 18:24:27.253658,,65.9,68.5,476.0,15.7,139.0,20.4
Rourkela,2026-02-12 18:24:29.280151,,31.5,38.4,558.0,11.3,112.0,12.9
Sambalpur,2026-02-12 18:24:31.023477,,51.2,54.4,378.0,8.1,154.0,25.8
Aurangabad,2026-02-12 18:24:32.895874,,35.5,36.6,290.0,2.2,164.0,8.3
Nashik,2026-02-12 18:24:36.505327,,32.6,33.8,293.0,4.3,161.0,7.9
Solapur,2026-02-12 18:24:38.288511,,24.0,25.4,304.0,2.3,164.0,7.5
Kolhapur,2026-02-12 18:24:39.765481,,24.2,25.3,296.0,7.4,138.0,5.5
Vadodara,2026-02-12 18:24:41.581675,,54.2,55.2,350.0,13.4,158.0,13.8
Rajkot,2026-02-12 18:24:45.182090,,32.9,35.3,258.0,2.1,153.0,10.8
Gandhinagar,2026-02-12 18:24:47.422137,,49.2,50.6,342.0,10.3,131.0,16.1
Tiruchirappalli,2026-02-12 18:24:50.698196,,31.7,33.8,251.0,6.7,127.0,15.0
Salem,2026-02-12 18:24:53.258279,,18.1,20.9,219.0,4.2,122.0,8.2
Erode,2026-02-12 18:24:56.462229,,19.1,22.1,219.0,3.6,132.0,4.7
Tirunelveli,2026-02-12 18:24:58.317286,,18.3,20.8,206.0,2.7,123.0,4.0
Warangal,2026-02-12 18:25:00.317045,,42.0,44.6,293.0,5.7,159.0,15.3
Nellore,2026-02-12 18:25:02.498368,,20.0,24.0,235.0,1.7,115.0,4.8
Kurnool,2026-02-12 18:25:04.056820,,21.0,22.5,235.0,1.3,140.0,7.8
Hubballi,2026-02-12 18:25:05.949267,,17.9,19.0,214.0,3.5,152.0,7.2
Mangaluru,2026-02-12 18:25:07.581000,,28.8,32.6,246.0,2.7,160.0,4.5
Belagavi,2026-02-12 18:25:09.091201,,16.4,17.6,217.0,3.3,142.0,4.8
Tirupati,2026-02-12 18:25:11.194237,,17.1,19.6,230.0,2.5,114.0,2.9
Pondicherry,2026-02-12 18:25:13.536865,,22.4,27.4,243.0,2.6,119.0,2.9
Delhi,2026-02-12 18:28:11.501221,,28.0,31.0,484.0,14.7,118.0,19.4
Mumbai,2026-02-12 18:28:12.905783,,74.3,75.9,461.0,30.2,316.0,31.9
Kolkata,2026-02-12 18:28:15.261723,,59.5,66.4,507.0,19.0,141.0,22.9
Chennai,2026-02-12 18:28:16.799563,,19.2,24.2,278.0,3.5,105.0,3.9
Bengaluru,2026-02-12 18:28:18.336588,,12.1,13.2,377.0,7.2,106.0,3.1
Hyderabad,2026-02-12 18:28:20.917428,,24.0,25.5,388.0,4.4,151.0,10.6
Pune,2026-02-12 18:28:23.273737,,26.4,27.7,295.0,3.0,160.0,6.2
Ahmedabad,2026-02-12 18:28:25.003109,,47.3,48.8,334.0,8.4,148.0,17.2
Jaipur,2026-02-12 18:28:27.553974,,28.6,38.3,371.0,3.6,150.0,8.4
Lucknow,2026-02-12 18:28:29.867786,,29.0,33.9,332.0,8.0,113.0,11.8
Chandigarh,2026-02-12 18:28:31.776443,,39.3,41.6,657.0,8.8,136.0,21.3
Bhopal,2026-02-12 18:28:33.267234,,50.4,52.2,320.0,4.0,126.0,9.9
Indore,2026-02-12 18:28:35.571515,,49.6,51.0,363.0,6.5,142.0,11.9
Nagpur,2026-02-12 18:28:38.352443,,54.7,56.3,347.0,20.1,164.0,46.2
Surat,2026-02-12 18:28:39.800019,,86.1,86.8,511.0,82.2,87.0,139.7
Patna,2026-02-12 18:28:41.326883,,65.2,71.5,457.0,12.1,134.0,18.7
Ranchi,2026-02-12 18:28:43.065127,,25.7,31.8,225.0,3.6,125.0,7.5
Guwahati,2026-02-12 18:28:44.564276,,29.4,31.8,588.0,7.4,109.0,4.1
Dehradun,2026-02-12 18:28:46.112227,,31.8,34.2,455.0,7.3,142.0,15.0
Shimla,2026-02-12 18:28:48.018608,,26.5,29.7,327.0,5.3,142.0,15.3
Srinagar,2026-02-12 18:28:50.205631,,36.4,42.3,1501.0,21.6,153.0,11.5
Varanasi,2026-02-12 18:28:51.893459,,39.0,45.3,490.0,8.5,118.0,11.4
Kanpur,2026-02-12 18:28:54.118702,,29.3,36.7,378.0,9.2,112.0,10.4
Amritsar,2026-02-12 18:28:56.675268,,37.4,40.5,723.0,14.7,119.0,11.4
Ludhiana,2026-02-12 18:28:58.877825,,44.0,45.2,496.0,11.9,87.0,6.9
Coimbatore,2026-02-12 18:29:00.684034,,16.9,18.9,220.0,2.8,137.0,4.7
Madurai,2026-02-12 18:29:03.136269,,19.3,22.1,221.0,4.4,117.0,4.3
Visakhapatnam,2026-02-12 18:29:06.204953,,41.4,44.0,523.0,21.8,136.0,15.9
Vijayawada,2026-02-12 18:29:08.455483,,39.8,41.1,277.0,5.3,137.0,13.9
Raipur,2026-02-12 18:29:12.007779,,61.5,63.3,424.0,19.0,123.0,25.8
Bhubaneswar,2026-02-12 18:29:14.898810,,65.9,68.5,516.0,15.7,139.0,20.4
Thiruvananthapuram,2026-02-12 18:29:17.356436,,35.5,39.7,241.0,2.9,175.0,6.0
Kochi,2026-02-12 18:29:19.922548,,34.0,35.6,250.0,5.6,167.0,4.6
Mysuru,2026-02-12 18:29:23.397187,,11.8,13.0,204.0,3.4,123.0,2.9
Jodhpur,2026-02-12 18:29:25.344688,,24.7,31.3,312.0,2.5,138.0,6.1
Udaipur,2026-02-12 18:29:28.074374,,36.8,39.1,281.0,1.6,149.0,11.0
Gwalior,2026-02-12 18:29:29.607336,,27.0,41.0,330.0,5.0,108.0,7.8
Jabalpur,2026-02-12 18:29:31.825522,,41.9,43.7,292.0,4.8,117.0,8.2
Agra,2026-02-12 18:29:33.731223,,34.2,42.5,399.0,14.8,111.0,11.9
Meerut,2026-02-12 18:29:35.936329,,28.1,30.6,388.0,13.4,120.0,19.2
Noida,2026-02-12 18:29:39.068756,,28.1,31.5,500.0,17.8,115.0,18.4
Gurugram,2026-02-12 18:29:41.849861,,28.1,31.5,706.0,17.8,115.0,18.4
Faridabad,2026-02-12 18:29:45.997453,,28.1,31.5,531.0,17.8,115.0,18.4
Ghaziabad,2026-02-12 18:29:48.225900,,28.1,30.6,452.0,13.4,120.0,19.2
Panipat,2026-02-12 18:29:50.651133,,27.6,48.4,461.0,9.6,99.0,11.5
Sonipat,2026-02-12 18:29:52.785794,,28.0,31.0,475.0,14.7,118.0,19.4
Hisar,2026-02-12 18:29:54.659862,,26.4,28.1,375.0,8.7,93.0,4.8
Rohtak,2026-02-12 18:29:56.738551,,27.0,28.2,521.0,9.6,101.0,6.3
Bareilly,2026-02-12 18:30:08.408034,,28.9,30.6,344.0,8.6,113.0,11.6
Aligarh,2026-02-12 18:30:10.025169,,35.2,38.4,490.0,13.5,124.0,19.1
Moradabad,2026-02-12 18:30:13.401911,,32.2,33.5,432.0,10.8,105.0,12.2
Prayagraj,2026-02-12 18:30:15.774449,,35.9,41.3,451.0,9.3,98.0,10.8
Gorakhpur,2026-02-12 18:30:17.919447,,36.8,39.5,286.0,8.4,114.0,12.1
Deoghar,2026-02-12 18:30:20.685931,,46.4,52.0,296.0,8.7,125.0,10.5
Dhanbad,2026-02-12 18:30:22.629961,,48.8,55.3,233.0,25.6,95.0,28.2
Siliguri,2026-02-12 18:30:25.191150,,54.0,59.0,927.0,16.9,131.0,10.2
Asansol,2026-02-12 18:30:28.262385,,46.3,52.3,318.0,17.7,105.0,23.5
Jamshedpur,2026-02-12 18:30:30.518432,,50.5,60.5,317.0,25.7,107.0,32.8
Cuttack,2026-02-12 18:30:33.179691,,68.0,70.3,520.0,15.4,131.0,19.4
Rourkela,2026-02-12 18:30:35.841887,,39.2,45.9,781.0,17.2,96.0,14.8
Sambalpur,2026-02-12 18:30:37.692388,,62.4,65.9,499.0,11.0,141.0,25.8
Aurangabad,2026-02-12 18:30:39.838188,,38.4,39.5,412.0,4.7,150.0,8.7
Nashik,2026-02-12 18:30:42.189488,,36.7,37.6,365.0,9.5,148.0,8.8
Solapur,2026-02-12 18:30:44.853811,,25.8,26.8,402.0,4.6,148.0,7.6
Kolhapur,2026-02-12 18:30:47.207497,,32.7,33.9,385.0,19.6,118.0,7.7
Vadodara,2026-02-12 18:30:49.571156,,61.5,62.2,436.0,24.3,135.0,15.0
Rajkot,2026-02-12 18:30:51.711646,,36.3,38.2,295.0,5.4,136.0,10.6
Gandhinagar,2026-02-12 18:30:54.169517,,55.6,57.2,608.0,19.0,111.0,16.5
Tiruchirappalli,2026-02-12 18:30:56.332480,,31.0,32.5,286.0,9.1,117.0,16.4
Salem,2026-02-12 18:30:58.787555,,19.9,22.4,246.0,8.8,106.0,8.2
Erode,2026-02-12 18:31:01.949398,,21.5,24.1,242.0,9.7,116.0,5.1
Tirunelveli,2026-02-12 18:31:04.812479,,20.3,22.4,223.0,5.8,114.0,4.6
Warangal,2026-02-12 18:31:07.273069,,52.9,55.3,377.0,8.9,141.0,15.4
Nellore,2026-02-12 18:31:09.229818,,21.1,24.9,288.0,2.1,111.0,5.0
Kurnool,2026-02-12 18:31:11.124497,,24.8,26.1,262.0,3.4,126.0,8.1
Hubballi,2026-02-12 18:31:13.989389,,20.9,21.7,246.0,7.7,137.0,7.4
Mangaluru,2026-02-12 18:31:16.807951,,32.0,35.6,250.0,3.5,154.0,4.6
Belagavi,2026-02-12 18:31:18.960317,,18.6,19.6,265.0,8.2,126.0,5.1
Tirupati,2026-02-12 18:31:21.928602,,18.6,20.6,267.0,5.3,101.0,3.1
Pondicherry,2026-02-12 18:31:24.586181,,21.0,26.0,257.0,2.8,112.0,2.7
Delhi,2026-02-12 18:30:16.389680,,39.0,41.7,647.0,24.8,98.0,21.7
Mumbai,2026-02-12 18:30:18.666274,,66.8,68.7,524.0,27.0,265.0,28.1
Kolkata,2026-02-12 18:30:21.605260,,71.5,78.2,775.0,28.3,119.0,29.6
Chennai,2026-02-12 18:30:23.760100,,19.6,24.4,278.0,5.2,101.0,3.5
Bengaluru,2026-02-12 18:30:26.114443,,16.7,17.5,499.0,14.4,90.0,4.6
Hyderabad,2026-02-12 18:30:28.787089,,29.6,30.7,496.0,9.6,135.0,12.3
Pune,2026-02-12 18:30:31.359010,,28.4,29.5,350.0,9.8,140.0,7.4
Ahmedabad,2026-02-12 18:30:33.183755,,52.2,53.6,389.0,17.3,125.0,17.8
Jaipur,2026-02-12 18:30:35.843903,,31.7,40.4,416.0,9.8,131.0,8.9
Lucknow,2026-02-12 18:30:37.689858,,37.1,41.8,397.0,12.4,99.0,13.7
Chandigarh,2026-02-12 18:30:41.067125,,48.3,49.9,770.0,15.9,119.0,21.9
Bhopal,2026-02-12 18:30:44.240118,,51.5,53.0,409.0,5.8,112.0,9.3
Indore,2026-02-12 18:30:46.492488,,55.4,56.7,474.0,11.1,122.0,11.8
Nagpur,2026-02-12 18:30:49.252744,,60.3,61.9,429.0,22.6,146.0,43.5
Surat,2026-02-12 18:30:54.386606,,94.5,95.2,525.0,98.8,65.0,141.8
Patna,2026-02-12 18:30:57.032565,,71.2,76.6,502.0,15.7,117.0,19.3
Ranchi,2026-02-12 18:31:00.627678,,28.6,34.2,239.0,5.0,117.0,8.7
Guwahati,2026-02-12 18:31:06.057239,,33.5,36.0,701.0,9.2,100.0,4.5
Dehradun,2026-02-12 18:31:08.806288,,41.4,43.5,540.0,14.9,129.0,19.6
Shimla,2026-02-12 18:31:10.965731,,33.4,36.6,410.0,11.9,130.0,16.7
Srinagar,2026-02-12 18:31:13.624259,,53.4,61.2,1821.0,33.0,133.0,16.1
Varanasi,2026-02-12 18:31:17.427716,,47.6,54.1,574.0,13.0,105.0,13.7
Kanpur,2026-02-12 18:31:19.360207,,39.0,46.7,432.0,16.2,97.0,12.9
Amritsar,2026-02-12 18:31:21.722834,,56.9,60.1,972.0,29.7,94.0,13.9
Ludhiana,2026-02-12 18:31:23.879515,,64.5,65.4,647.0,24.7,67.0,9.8
Coimbatore,2026-02-12 18:31:26.842902,,18.7,20.5,281.0,8.2,121.0,5.4
Madurai,2026-02-12 18:31:29.187311,,25.5,27.5,247.0,8.9,108.0,6.3
Visakhapatnam,2026-02-12 18:31:31.549410,,42.7,45.2,534.0,24.9,125.0,14.7
Vijayawada,2026-02-12 18:31:34.733202,,43.7,44.8,291.0,6.1,126.0,12.9
Raipur,2026-02-12 18:31:37.383327,,73.1,75.2,537.0,26.0,107.0,28.2
Bhubaneswar,2026-02-12 18:31:40.660799,,68.0,70.3,574.0,15.4,131.0,19.4
Thiruvananthapuram,2026-02-12 18:31:42.798284,,35.0,39.2,285.0,3.0,170.0,5.7
Kochi,2026-02-12 18:31:44.962582,,36.3,38.0,256.0,9.3,150.0,5.1
Mysuru,2026-02-12 18:31:48.139151,,14.4,15.5,232.0,8.0,109.0,3.5
Jodhpur,2026-02-12 18:31:50.494507,,26.5,32.9,334.0,6.8,121.0,6.1
Udaipur,2026-02-12 18:31:53.359794,,38.8,40.9,333.0,4.1,131.0,10.4
Gwalior,2026-02-12 18:31:55.613470,,31.9,45.9,374.0,8.0,100.0,8.5
Jabalpur,2026-02-12 18:31:57.973812,,44.6,46.4,318.0,7.8,106.0,8.4
Agra,2026-02-12 18:32:01.303987,,51.5,59.8,464.0,27.1,90.0,17.6
Meerut,2026-02-12 18:32:03.913934,,35.9,38.3,456.0,19.5,104.0,21.0
Noida,2026-02-12 18:32:05.838171,,40.4,42.8,702.0,29.8,94.0,21.2
Gurugram,2026-02-12 18:32:08.412424,,40.4,42.8,1138.0,29.8,94.0,21.2
Faridabad,2026-02-12 18:32:10.562037,,40.4,42.8,738.0,29.8,94.0,21.2
Ghaziabad,2026-02-12 18:32:12.814873,,35.9,38.3,642.0,19.5,104.0,21.0
Panipat,2026-02-12 18:32:15.168520,,40.7,74.5,626.0,14.6,84.0,11.3
Sonipat,2026-02-12 18:32:17.053818,,39.0,41.7,593.0,24.8,98.0,21.7
Hisar,2026-02-12 18:32:19.426281,,37.0,38.4,464.0,16.4,78.0,5.6
Rohtak,2026-02-12 18:32:23.374089,,36.9,38.5,701.0,16.3,86.0,6.7
Bareilly,2026-02-12 18:32:25.785341,,28.9,30.6,344.0,8.6,113.0,11.6
Aligarh,2026-02-12 18:32:27.873202,,35.2,38.4,490.0,13.5,124.0,19.1
Moradabad,2026-02-12 18:32:29.733231,,32.2,33.5,432.0,10.8,105.0,12.2
Prayagraj,2026-02-12 18:32:31.970108,,35.9,41.3,451.0,9.3,98.0,10.8
Gorakhpur,2026-02-12 18:32:34.832229,,36.8,39.5,286.0,8.4,114.0,12.1
Deoghar,2026-02-12 18:32:36.667947,,46.4,52.0,296.0,8.7,125.0,10.5
Dhanbad,2026-02-12 18:32:39.234595,,48.8,55.3,233.0,25.6,95.0,28.2
Siliguri,2026-02-12 18:32:41.494570,,54.0,59.0,927.0,16.9,131.0,10.2
Asansol,2026-02-12 18:32:43.737966,,46.3,52.3,318.0,17.7,105.0,23.5
Jamshedpur,2026-02-12 18:32:47.321118,,50.5,60.5,317.0,25.7,107.0,32.8
Cuttack,2026-02-12 18:32:50.088908,,68.0,70.3,520.0,15.4,131.0,19.4
Rourkela,2026-02-12 18:32:52.142235,,39.2,45.9,781.0,17.2,96.0,14.8
Sambalpur,2026-02-12 18:32:54.596602,,62.4,65.9,499.0,11.0,141.0,25.8
Aurangabad,2026-02-12 18:32:58.279513,,38.4,39.5,412.0,4.7,150.0,8.7
Nashik,2026-02-12 18:33:00.738424,,36.7,37.6,365.0,9.5,148.0,8.8
Solapur,2026-02-12 18:33:03.299816,,25.8,26.8,402.0,4.6,148.0,7.6
Kolhapur,2026-02-12 18:33:06.315764,,32.7,33.9,385.0,19.6,118.0,7.7
Vadodara,2026-02-12 18:33:08.624748,,61.5,62.2,436.0,24.3,135.0,15.0
Rajkot,2026-02-12 18:33:10.941113,,36.3,38.2,295.0,5.4,136.0,10.6
Gandhinagar,2026-02-12 18:33:13.545229,,55.6,57.2,608.0,19.0,111.0,16.5
Tiruchirappalli,2026-02-12 18:33:15.476913,,31.0,32.5,286.0,9.1,117.0,16.4
Salem,2026-02-12 18:33:17.434525,,19.9,22.4,246.0,8.8,106.0,8.2
Erode,2026-02-12 18:33:19.888132,,21.5,24.1,242.0,9.7,116.0,5.1
Tirunelveli,2026-02-12 18:33:21.957125,,20.3,22.4,223.0,5.8,114.0,4.6
Warangal,2026-02-12 18:33:24.413258,,52.9,55.3,377.0,8.9,141.0,15.4
Nellore,2026-02-12 18:33:26.352289,,21.1,24.9,288.0,2.1,111.0,5.0
Kurnool,2026-02-12 18:33:28.696362,,24.8,26.1,262.0,3.4,126.0,8.1
Hubballi,2026-02-12 18:33:31.256424,,20.9,21.7,246.0,7.7,137.0,7.4
Mangaluru,2026-02-12 18:33:35.142294,,32.0,35.6,250.0,3.5,154.0,4.6
Belagavi,2026-02-12 18:33:37.404027,,18.6,19.6,265.0,8.2,126.0,5.1
Tirupati,2026-02-12 18:33:39.962039,,18.6,20.6,267.0,5.3,101.0,3.1
Pondicherry,2026-02-12 18:33:42.109949,,21.0,26.0,257.0,2.8,112.0,2.7
Delhi,2026-02-12 18:36:26.489707,,39.0,41.7,647.0,24.8,98.0,21.7
Mumbai,2026-02-12 18:36:29.163839,,66.8,68.7,524.0,27.0,265.0,28.1
Kolkata,2026-02-12 18:36:30.680085,,71.5,78.2,775.0,28.3,119.0,29.6
Chennai,2026-02-12 18:36:33.054183,,19.6,24.4,278.0,5.2,101.0,3.5
Bengaluru,2026-02-12 18:36:34.742425,,16.7,17.5,499.0,14.4,90.0,4.6
Hyderabad,2026-02-12 18:36:36.877305,,29.6,30.7,496.0,9.6,135.0,12.3
Pune,2026-02-12 18:36:38.673471,,28.4,29.5,350.0,9.8,140.0,7.4
Ahmedabad,2026-02-12 18:36:40.421217,,52.2,53.6,389.0,17.3,125.0,17.8
Jaipur,2026-02-12 18:36:42.603675,,31.7,40.4,416.0,9.8,131.0,8.9
Lucknow,2026-02-12 18:36:44.396949,,37.1,41.8,397.0,12.4,99.0,13.7
Chandigarh,2026-02-12 18:36:46.499471,,48.3,49.9,770.0,15.9,119.0,21.9
Bhopal,2026-02-12 18:36:48.123828,,51.5,53.0,409.0,5.8,112.0,9.3
Indore,2026-02-12 18:36:49.736413,,55.4,56.7,474.0,11.1,122.0,11.8
Nagpur,2026-02-12 18:36:51.262235,,60.3,61.9,429.0,22.6,146.0,43.5
Surat,2026-02-12 18:36:53.986515,,94.5,95.2,525.0,98.8,65.0,141.8
Patna,2026-02-12 18:36:56.942875,,71.2,76.6,502.0,15.7,117.0,19.3
Ranchi,2026-02-12 18:36:59.454887,,28.6,34.2,239.0,5.0,117.0,8.7
Guwahati,2026-02-12 18:37:01.681234,,33.5,36.0,701.0,9.2,100.0,4.5
Dehradun,2026-02-12 18:37:03.168701,,41.4,43.5,540.0,14.9,129.0,19.6
Shimla,2026-02-12 18:37:05.495566,,33.4,36.6,410.0,11.9,130.0,16.7
Srinagar,2026-02-12 18:37:07.230411,,53.4,61.2,1821.0,33.0,133.0,16.1
Varanasi,2026-02-12 18:37:08.775433,,47.6,54.1,574.0,13.0,105.0,13.7
Kanpur,2026-02-12 18:37:10.481348,,39.0,46.7,432.0,16.2,97.0,12.9
Amritsar,2026-02-12 18:37:12.113431,,56.9,60.1,972.0,29.7,94.0,13.9
Ludhiana,2026-02-12 18:37:15.519049,,64.5,65.4,647.0,24.7,67.0,9.8
Coimbatore,2026-02-12 18:37:17.677373,,18.7,20.5,281.0,8.2,121.0,5.4
Madurai,2026-02-12 18:37:19.967363,,25.5,27.5,247.0,8.9,108.0,6.3
Visakhapatnam,2026-02-12 18:37:22.449448,,42.7,45.2,534.0,24.9,125.0,14.7
Vijayawada,2026-02-12 18:37:25.413842,,43.7,44.8,291.0,6.1,126.0,12.9
Raipur,2026-02-12 18:37:27.298886,,73.1,75.2,537.0,26.0,107.0,28.2
Bhubaneswar,2026-02-12 18:37:29.651500,,68.0,70.3,574.0,15.4,131.0,19.4
Thiruvananthapuram,2026-02-12 18:37:31.310036,,35.0,39.2,285.0,3.0,170.0,5.7
Kochi,2026-02-12 18:37:32.951155,,36.3,38.0,256.0,9.3,150.0,5.1
Mysuru,2026-02-12 18:37:34.927869,,14.4,15.5,232.0,8.0,109.0,3.5
Jodhpur,2026-02-12 18:37:36.816292,,26.5,32.9,334.0,6.8,121.0,6.1
Udaipur,2026-02-12 18:37:38.832492,,38.8,40.9,333.0,4.1,131.0,10.4
Gwalior,2026-02-12 18:37:40.707516,,31.9,45.9,374.0,8.0,100.0,8.5
Jabalpur,2026-02-12 18:37:42.250974,,44.6,46.4,318.0,7.8,106.0,8.4
Agra,2026-02-12 18:37:44.453070,,51.5,59.8,464.0,27.1,90.0,17.6
Meerut,2026-02-12 18:37:46.200809,,35.9,38.3,456.0,19.5,104.0,21.0
Noida,2026-02-12 18:37:48.572546,,40.4,42.8,702.0,29.8,94.0,21.2
Gurugram,2026-02-12 18:37:50.384432,,40.4,42.8,1138.0,29.8,94.0,21.2
Faridabad,2026-02-12 18:37:52.216787,,40.4,42.8,738.0,29.8,94.0,21.2
Ghaziabad,2026-02-12 18:37:55.081169,,35.9,38.3,642.0,19.5,104.0,21.0
Panipat,2026-02-12 18:37:57.263564,,40.7,74.5,626.0,14.6,84.0,11.3
Sonipat,2026-02-12 18:37:59.092555,,39.0,41.7,593.0,24.8,98.0,21.7
Hisar,2026-02-12 18:38:00.962089,,37.0,38.4,464.0,16.4,78.0,5.6
Rohtak,2026-02-12 18:38:02.761874,,36.9,38.5,701.0,16.3,86.0,6.7
Bareilly,2026-02-12 18:38:04.640421,,28.9,30.6,344.0,8.6,113.0,11.6
Aligarh,2026-02-12 18:38:06.593811,,35.2,38.4,490.0,13.5,124.0,19.1
Moradabad,2026-02-12 18:38:08.778048,,32.2,33.5,432.0,10.8,105.0,12.2
Prayagraj,2026-02-12 18:38:10.955056,,35.9,41.3,451.0,9.3,98.0,10.8
Gorakhpur,2026-02-12 18:38:12.735134,,36.8,39.5,286.0,8.4,114.0,12.1
Deoghar,2026-02-12 18:38:14.709794,,46.4,52.0,296.0,8.7,125.0,10.5
Dhanbad,2026-02-12 18:38:16.226671,,48.8,55.3,233.0,25.6,95.0,28.2
Siliguri,2026-02-12 18:38:18.706701,,54.0,59.0,927.0,16.9,131.0,10.2
Asansol,2026-02-12 18:38:21.197682,,46.3,52.3,318.0,17.7,105.0,23.5
Jamshedpur,2026-02-12 18:38:22.825559,,50.5,60.5,317.0,25.7,107.0,32.8
Cuttack,2026-02-12 18:38:25.561116,,68.0,70.3,520.0,15.4,131.0,19.4
Rourkela,2026-02-12 18:38:29.277093,,39.2,45.9,781.0,17.2,96.0,14.8
Sambalpur,2026-02-12 18:38:30.856074,,62.4,65.9,499.0,11.0,141.0,25.8
Aurangabad,2026-02-12 18:38:32.773374,,38.4,39.5,412.0,4.7,150.0,8.7
Nashik,2026-02-12 18:38:34.580447,,36.7,37.6,365.0,9.5,148.0,8.8
Solapur,2026-02-12 18:38:36.845888,,25.8,26.8,402.0,4.6,148.0,7.6
Kolhapur,2026-02-12 18:38:38.424124,,32.7,33.9,385.0,19.6,118.0,7.7
Vadodara,2026-02-12 18:38:40.618962,,61.5,62.2,436.0,24.3,135.0,15.0
Rajkot,2026-02-12 18:38:42.594547,,36.3,38.2,295.0,5.4,136.0,10.6
Gandhinagar,2026-02-12 18:38:44.163070,,55.6,57.2,608.0,19.0,111.0,16.5
Tiruchirappalli,2026-02-12 18:38:47.427852,,31.0,32.5,286.0,9.1,117.0,16.4
Salem,2026-02-12 18:38:49.710115,,19.9,22.4,246.0,8.8,106.0,8.2
Erode,2026-02-12 18:38:51.729154,,21.5,24.1,242.0,9.7,116.0,5.1
Tirunelveli,2026-02-12 18:38:53.827626,,20.3,22.4,223.0,5.8,114.0,4.6
Warangal,2026-02-12 18:38:55.655711,,52.9,55.3,377.0,8.9,141.0,15.4
Nellore,2026-02-12 18:38:58.643316,,21.1,24.9,288.0,2.1,111.0,5.0
Kurnool,2026-02-12 18:39:00.461474,,24.8,26.1,262.0,3.4,126.0,8.1
Hubballi,2026-02-12 18:39:03.346458,,20.9,21.7,246.0,7.7,137.0,7.4
Mangaluru,2026-02-12 18:39:05.216681,,32.0,35.6,250.0,3.5,154.0,4.6
Belagavi,2026-02-12 18:39:07.719731,,18.6,19.6,265.0,8.2,126.0,5.1
Tirupati,2026-02-12 18:39:10.221215,,18.6,20.6,267.0,5.3,101.0,3.1
Pondicherry,2026-02-12 18:39:11.799824,,21.0,26.0,257.0,2.8,112.0,2.7
Delhi,2026-02-12 18:38:44.241707,,39.0,41.7,647.0,24.8,98.0,21.7
Mumbai,2026-02-12 18:38:45.897873,,66.8,68.7,524.0,27.0,265.0,28.1
Kolkata,2026-02-12 18:38:47.478135,,71.5,78.2,775.0,28.3,119.0,29.6
Chennai,2026-02-12 18:38:49.839957,,19.6,24.4,278.0,5.2,101.0,3.5
Bengaluru,2026-02-12 18:38:51.364441,,16.7,17.5,499.0,14.4,90.0,4.6
Hyderabad,2026-02-12 18:38:52.980037,,29.6,30.7,496.0,9.6,135.0,12.3
Pune,2026-02-12 18:38:55.029981,,28.4,29.5,350.0,9.8,140.0,7.4
Ahmedabad,2026-02-12 18:38:56.924539,,52.2,53.6,389.0,17.3,125.0,17.8
Jaipur,2026-02-12 18:38:59.018139,,31.7,40.4,416.0,9.8,131.0,8.9
Lucknow,2026-02-12 18:39:00.587869,,37.1,41.8,397.0,12.4,99.0,13.7
Chandigarh,2026-02-12 18:39:02.340823,,48.3,49.9,770.0,15.9,119.0,21.9
Bhopal,2026-02-12 18:39:04.217992,,51.5,53.0,409.0,5.8,112.0,9.3
Indore,2026-02-12 18:39:07.079625,,55.4,56.7,474.0,11.1,122.0,11.8
Nagpur,2026-02-12 18:39:09.546341,,60.3,61.9,429.0,22.6,146.0,43.5
Surat,2026-02-12 18:39:11.471849,,94.5,95.2,525.0,98.8,65.0,141.8
Patna,2026-02-12 18:39:14.041005,,71.2,76.6,502.0,15.7,117.0,19.3
Ranchi,2026-02-12 18:39:15.879417,,28.6,34.2,239.0,5.0,117.0,8.7
Guwahati,2026-02-12 18:39:17.725500,,33.5,36.0,701.0,9.2,100.0,4.5
Dehradun,2026-02-12 18:39:19.388612,,41.4,43.5,540.0,14.9,129.0,19.6
Shimla,2026-02-12 18:39:22.688455,,33.4,36.6,410.0,11.9,130.0,16.7
Srinagar,2026-02-12 18:39:24.774688,,53.4,61.2,1821.0,33.0,133.0,16.1
Varanasi,2026-02-12 18:39:26.345684,,47.6,54.1,574.0,13.0,105.0,13.7
Kanpur,2026-02-12 18:39:27.995779,,39.0,46.7,432.0,16.2,97.0,12.9
Amritsar,2026-02-12 18:39:29.728574,,56.9,60.1,972.0,29.7,94.0,13.9
Ludhiana,2026-02-12 18:39:31.643171,,64.5,65.4,647.0,24.7,67.0,9.8
Coimbatore,2026-02-12 18:39:33.519521,,18.7,20.5,281.0,8.2,121.0,5.4
Madurai,2026-02-12 18:39:35.784595,,25.5,27.5,247.0,8.9,108.0,6.3
Visakhapatnam,2026-02-12 18:39:38.934424,,42.7,45.2,534.0,24.9,125.0,14.7
Vijayawada,2026-02-12 18:39:42.932317,,43.7,44.8,291.0,6.1,126.0,12.9
Raipur,2026-02-12 18:39:45.158570,,73.1,75.2,537.0,26.0,107.0,28.2
Bhubaneswar,2026-02-12 18:39:47.365305,,68.0,70.3,574.0,15.4,131.0,19.4
Thiruvananthapuram,2026-02-12 18:39:50.458822,,35.0,39.2,285.0,3.0,170.0,5.7
Kochi,2026-02-12 18:39:52.403298,,36.3,38.0,256.0,9.3,150.0,5.1
Mysuru,2026-02-12 18:39:54.279412,,14.4,15.5,232.0,8.0,109.0,3.5
Jodhpur,2026-02-12 18:39:55.804487,,26.5,32.9,334.0,6.8,121.0,6.1
Udaipur,2026-02-12 18:39:57.858460,,38.8,40.9,333.0,4.1,131.0,10.4
Gwalior,2026-02-12 18:39:59.771249,,31.9,45.9,374.0,8.0,100.0,8.5
Jabalpur,2026-02-12 18:40:01.272935,,44.6,46.4,318.0,7.8,106.0,8.4
Agra,2026-02-12 18:40:03.379914,,51.5,59.8,464.0,27.1,90.0,17.6
Meerut,2026-02-12 18:40:07.585044,,35.9,38.3,456.0,19.5,104.0,21.0
Noida,2026-02-12 18:40:10.203277,,40.4,42.8,702.0,29.8,94.0,21.2
Gurugram,2026-02-12 18:40:12.341201,,40.4,42.8,1138.0,29.8,94.0,21.2
Faridabad,2026-02-12 18:40:14.647244,,40.4,42.8,738.0,29.8,94.0,21.2
Ghaziabad,2026-02-12 18:40:16.408914,,35.9,38.3,642.0,19.5,104.0,21.0
Panipat,2026-02-12 18:40:18.622109,,40.7,74.5,626.0,14.6,84.0,11.3
Sonipat,2026-02-12 18:40:20.837687,,39.0,41.7,593.0,24.8,98.0,21.7
Hisar,2026-02-12 18:40:22.760558,,37.0,38.4,464.0,16.4,78.0,5.6
Rohtak,2026-02-12 18:40:25.646706,,36.9,38.5,701.0,16.3,86.0,6.7
Bareilly,2026-02-12 18:40:27.629433,,28.9,30.6,344.0,8.6,113.0,11.6
Aligarh,2026-02-12 18:40:29.679693,,35.2,38.4,490.0,13.5,124.0,19.1
Moradabad,2026-02-12 18:40:32.979239,,32.2,33.5,432.0,10.8,105.0,12.2
Prayagraj,2026-02-12 18:40:34.579569,,35.9,41.3,451.0,9.3,98.0,10.8
Gorakhpur,2026-02-12 18:40:36.299292,,36.8,39.5,286.0,8.4,114.0,12.1
Deoghar,2026-02-12 18:40:38.635495,,46.4,52.0,296.0,8.7,125.0,10.5
Dhanbad,2026-02-12 18:40:40.185245,,48.8,55.3,233.0,25.6,95.0,28.2
Siliguri,2026-02-12 18:40:41.993400,,54.0,59.0,927.0,16.9,131.0,10.2
Asansol,2026-02-12 18:40:43.918676,,46.3,52.3,318.0,17.7,105.0,23.5
Jamshedpur,2026-02-12 18:40:46.153828,,50.5,60.5,317.0,25.7,107.0,32.8
Cuttack,2026-02-12 18:40:48.692702,,68.0,70.3,520.0,15.4,131.0,19.4
Rourkela,2026-02-12 18:40:50.471478,,39.2,45.9,781.0,17.2,96.0,14.8
Sambalpur,2026-02-12 18:40:52.891249,,62.4,65.9,499.0,11.0,141.0,25.8
Aurangabad,2026-02-12 18:40:55.515644,,38.4,39.5,412.0,4.7,150.0,8.7
Nashik,2026-02-12 18:40:57.554515,,36.7,37.6,365.0,9.5,148.0,8.8
Solapur,2026-02-12 18:40:59.524085,,25.8,26.8,402.0,4.6,148.0,7.6
Kolhapur,2026-02-12 18:41:01.151481,,32.7,33.9,385.0,19.6,118.0,7.7
Vadodara,2026-02-12 18:41:03.989979,,61.5,62.2,436.0,24.3,135.0,15.0
Rajkot,2026-02-12 18:41:07.989817,,36.3,38.2,295.0,5.4,136.0,10.6
Gandhinagar,2026-02-12 18:41:10.815374,,55.6,57.2,608.0,19.0,111.0,16.5
Tiruchirappalli,2026-02-12 18:41:12.354719,,31.0,32.5,286.0,9.1,117.0,16.4
Salem,2026-02-12 18:41:14.124854,,19.9,22.4,246.0,8.8,106.0,8.2
Erode,2026-02-12 18:41:16.617975,,21.5,24.1,242.0,9.7,116.0,5.1
Tirunelveli,2026-02-12 18:41:18.532325,,20.3,22.4,223.0,5.8,114.0,4.6
Warangal,2026-02-12 18:41:20.428399,,52.9,55.3,377.0,8.9,141.0,15.4
Nellore,2026-02-12 18:41:22.790071,,21.1,24.9,288.0,2.1,111.0,5.0
Kurnool,2026-02-12 18:41:25.028463,,24.8,26.1,262.0,3.4,126.0,8.1
Hubballi,2026-02-12 18:41:27.220502,,20.9,21.7,246.0,7.7,137.0,7.4
Mangaluru,2026-02-12 18:41:29.863949,,32.0,35.6,250.0,3.5,154.0,4.6
Belagavi,2026-02-12 18:41:32.006535,,18.6,19.6,265.0,8.2,126.0,5.1
Tirupati,2026-02-12 18:41:34.170405,,18.6,20.6,267.0,5.3,101.0,3.1
Pondicherry,2026-02-12 18:41:36.650357,,21.0,26.0,257.0,2.8,112.0,2.7
Delhi,2026-02-12 18:44:14.660018,,39.0,41.7,647.0,24.8,98.0,21.7
Mumbai,2026-02-12 18:44:16.617926,,66.8,68.7,524.0,27.0,265.0,28.1
Kolkata,2026-02-12 18:44:18.811601,,71.5,78.2,775.0,28.3,119.0,29.6
Chennai,2026-02-12 18:44:20.746591,,19.6,24.4,278.0,5.2,101.0,3.5
Bengaluru,2026-02-12 18:44:23.773095,,16.7,17.5,499.0,14.4,90.0,4.6
Hyderabad,2026-02-12 18:44:25.836509,,29.6,30.7,496.0,9.6,135.0,12.3
Pune,2026-02-12 18:44:28.174852,,28.4,29.5,350.0,9.8,140.0,7.4
Ahmedabad,2026-02-12 18:44:30.530095,,52.2,53.6,389.0,17.3,125.0,17.8
Jaipur,2026-02-12 18:44:34.097880,,31.7,40.4,416.0,9.8,131.0,8.9
Lucknow,2026-02-12 18:44:36.264872,,37.1,41.8,397.0,12.4,99.0,13.7
Chandigarh,2026-02-12 18:44:39.318431,,48.3,49.9,770.0,15.9,119.0,21.9
Bhopal,2026-02-12 18:44:41.585487,,51.5,53.0,409.0,5.8,112.0,9.3
Indore,2026-02-12 18:44:43.486063,,55.4,56.7,474.0,11.1,122.0,11.8
Nagpur,2026-02-12 18:44:45.681906,,60.3,61.9,429.0,22.6,146.0,43.5
Surat,2026-02-12 18:44:48.140016,,94.5,95.2,525.0,98.8,65.0,141.8
Patna,2026-02-12 18:44:50.803531,,71.2,76.6,502.0,15.7,117.0,19.3
Ranchi,2026-02-12 18:44:53.671341,,28.6,34.2,239.0,5.0,117.0,8.7
Guwahati,2026-02-12 18:44:56.032044,,33.5,36.0,701.0,9.2,100.0,4.5
Dehradun,2026-02-12 18:44:59.007609,,41.4,43.5,540.0,14.9,129.0,19.6
Shimla,2026-02-12 18:45:01.715174,,33.4,36.6,410.0,11.9,130.0,16.7
Srinagar,2026-02-12 18:45:04.523880,,53.4,61.2,1821.0,33.0,133.0,16.1
Varanasi,2026-02-12 18:45:06.750495,,47.6,54.1,574.0,13.0,105.0,13.7
Kanpur,2026-02-12 18:45:09.237106,,39.0,46.7,432.0,16.2,97.0,12.9
Amritsar,2026-02-12 18:45:11.500758,,56.9,60.1,972.0,29.7,94.0,13.9
Ludhiana,2026-02-12 18:45:13.945257,,64.5,65.4,647.0,24.7,67.0,9.8
Coimbatore,2026-02-12 18:45:16.319266,,18.7,20.5,281.0,8.2,121.0,5.4
Madurai,2026-02-12 18:45:18.451989,,25.5,27.5,247.0,8.9,108.0,6.3
Visakhapatnam,2026-02-12 18:45:20.668859,,42.7,45.2,534.0,24.9,125.0,14.7
Vijayawada,2026-02-12 18:45:22.465699,,43.7,44.8,291.0,6.1,126.0,12.9
Raipur,2026-02-12 18:45:27.181568,,73.1,75.2,537.0,26.0,107.0,28.2
Bhubaneswar,2026-02-12 18:45:28.896407,,68.0,70.3,574.0,15.4,131.0,19.4
Thiruvananthapuram,2026-02-12 18:45:31.264948,,35.0,39.2,285.0,3.0,170.0,5.7
Kochi,2026-02-12 18:45:34.222816,,36.3,38.0,256.0,9.3,150.0,5.1
Mysuru,2026-02-12 18:45:37.296655,,14.4,15.5,232.0,8.0,109.0,3.5
Jodhpur,2026-02-12 18:45:40.673224,,26.5,32.9,334.0,6.8,121.0,6.1
Udaipur,2026-02-12 18:45:42.872437,,38.8,40.9,333.0,4.1,131.0,10.4
Gwalior,2026-02-12 18:45:44.352849,,31.9,45.9,374.0,8.0,100.0,8.5
Jabalpur,2026-02-12 18:45:46.616164,,44.6,46.4,318.0,7.8,106.0,8.4
Agra,2026-02-12 18:45:48.842591,,51.5,59.8,464.0,27.1,90.0,17.6
Meerut,2026-02-12 18:45:51.144449,,35.9,38.3,456.0,19.5,104.0,21.0
Noida,2026-02-12 18:45:53.068290,,40.4,42.8,702.0,29.8,94.0,21.2
Gurugram,2026-02-12 18:45:55.934774,,40.4,42.8,1138.0,29.8,94.0,21.2
Faridabad,2026-02-12 18:45:57.837220,,40.4,42.8,738.0,29.8,94.0,21.2
Ghaziabad,2026-02-12 18:45:59.956025,,35.9,38.3,642.0,19.5,104.0,21.0
Panipat,2026-02-12 18:46:02.184845,,40.7,74.5,626.0,14.6,84.0,11.3
Sonipat,2026-02-12 18:46:05.557917,,39.0,41.7,593.0,24.8,98.0,21.7
Hisar,2026-02-12 18:46:08.337538,,37.0,38.4,464.0,16.4,78.0,5.6
Rohtak,2026-02-12 18:46:10.883568,,36.9,38.5,701.0,16.3,86.0,6.7
Bareilly,2026-02-12 18:46:13.141845,,28.9,30.6,344.0,8.6,113.0,11.6
Aligarh,2026-02-12 18:46:15.022302,,35.2,38.4,490.0,13.5,124.0,19.1
Moradabad,2026-02-12 18:46:17.434528,,32.2,33.5,432.0,10.8,105.0,12.2
Prayagraj,2026-02-12 18:46:19.885235,,35.9,41.3,451.0,9.3,98.0,10.8
Gorakhpur,2026-02-12 18:46:21.552759,,36.8,39.5,286.0,8.4,114.0,12.1
Deoghar,2026-02-12 18:46:24.099541,,46.4,52.0,296.0,8.7,125.0,10.5
Dhanbad,2026-02-12 18:46:26.855799,,48.8,55.3,233.0,25.6,95.0,28.2
Siliguri,2026-02-12 18:46:29.521346,,54.0,59.0,927.0,16.9,131.0,10.2
Asansol,2026-02-12 18:46:32.081660,,46.3,52.3,318.0,17.7,105.0,23.5
Jamshedpur,2026-02-12 18:46:34.660957,,50.5,60.5,317.0,25.7,107.0,32.8
Cuttack,2026-02-12 18:46:40.686076,,68.0,70.3,520.0,15.4,131.0,19.4
Rourkela,2026-02-12 18:46:42.935996,,39.2,45.9,781.0,17.2,96.0,14.8
Sambalpur,2026-02-12 18:46:45.699338,,62.4,65.9,499.0,11.0,141.0,25.8
Aurangabad,2026-02-12 18:46:48.696332,,38.4,39.5,412.0,4.7,150.0,8.7
Nashik,2026-02-12 18:46:50.734447,,36.7,37.6,365.0,9.5,148.0,8.8
Solapur,2026-02-12 18:46:53.179275,,25.8,26.8,402.0,4.6,148.0,7.6
Kolhapur,2026-02-12 18:46:55.226632,,32.7,33.9,385.0,19.6,118.0,7.7
Vadodara,2026-02-12 18:46:57.332216,,61.5,62.2,436.0,24.3,135.0,15.0
Rajkot,2026-02-12 18:47:01.269556,,36.3,38.2,295.0,5.4,136.0,10.6
Gandhinagar,2026-02-12 18:47:03.586478,,55.6,57.2,608.0,19.0,111.0,16.5
Tiruchirappalli,2026-02-12 18:47:05.120083,,31.0,32.5,286.0,9.1,117.0,16.4
Salem,2026-02-12 18:47:07.901389,,19.9,22.4,246.0,8.8,106.0,8.2
Erode,2026-02-12 18:47:09.422749,,21.5,24.1,242.0,9.7,116.0,5.1
Tirunelveli,2026-02-12 18:47:10.950007,,20.3,22.4,223.0,5.8,114.0,4.6
Warangal,2026-02-12 18:47:12.525485,,52.9,55.3,377.0,8.9,141.0,15.4
Nellore,2026-02-12 18:47:14.027490,,21.1,24.9,288.0,2.1,111.0,5.0
Kurnool,2026-02-12 18:47:16.554820,,24.8,26.1,262.0,3.4,126.0,8.1
Hubballi,2026-02-12 18:47:18.878200,,20.9,21.7,246.0,7.7,137.0,7.4
Mangaluru,2026-02-12 18:47:21.133854,,32.0,35.6,250.0,3.5,154.0,4.6
Belagavi,2026-02-12 18:47:23.449628,,18.6,19.6,265.0,8.2,126.0,5.1
Tirupati,2026-02-12 18:47:24.985429,,18.6,20.6,267.0,5.3,101.0,3.1
Pondicherry,2026-02-12 18:47:26.532511,,21.0,26.0,257.0,2.8,112.0,2.7
Delhi,2026-02-12 18:46:41.505434,,39.0,41.7,647.0,24.8,98.0,21.7
Mumbai,2026-02-12 18:46:44.675371,,66.8,68.7,524.0,27.0,265.0,28.1
Kolkata,2026-02-12 18:46:46.625048,,71.5,78.2,775.0,28.3,119.0,29.6
Chennai,2026-02-12 18:46:49.835789,,19.6,24.4,278.0,5.2,101.0,3.5
Bengaluru,2026-02-12 18:46:52.268630,,16.7,17.5,499.0,14.4,90.0,4.6
Hyderabad,2026-02-12 18:46:55.226632,,29.6,30.7,496.0,9.6,135.0,12.3
Pune,2026-02-12 18:46:57.582905,,28.4,29.5,350.0,9.8,140.0,7.4
Ahmedabad,2026-02-12 18:47:01.118308,,52.2,53.6,389.0,17.3,125.0,17.8
Jaipur,2026-02-12 18:47:03.642049,,31.7,40.4,416.0,9.8,131.0,8.9
Lucknow,2026-02-12 18:47:05.904377,,37.1,41.8,397.0,12.4,99.0,13.7
Chandigarh,2026-02-12 18:47:07.662288,,48.3,49.9,770.0,15.9,119.0,21.9
Bhopal,2026-02-12 18:47:09.326371,,51.5,53.0,409.0,5.8,112.0,9.3
Indore,2026-02-12 18:47:11.188626,,55.4,56.7,474.0,11.1,122.0,11.8
Nagpur,2026-02-12 18:47:12.718998,,60.3,61.9,429.0,22.6,146.0,43.5
Surat,2026-02-12 18:47:14.991953,,94.5,95.2,525.0,98.8,65.0,141.8
Patna,2026-02-12 18:47:17.039592,,71.2,76.6,502.0,15.7,117.0,19.3
Ranchi,2026-02-12 18:47:19.396365,,28.6,34.2,239.0,5.0,117.0,8.7
Guwahati,2026-02-12 18:47:22.853736,,33.5,36.0,701.0,9.2,100.0,4.5
Dehradun,2026-02-12 18:47:26.258724,,41.4,43.5,540.0,14.9,129.0,19.6
Shimla,2026-02-12 18:47:28.184603,,33.4,36.6,410.0,11.9,130.0,16.7
Srinagar,2026-02-12 18:47:29.694116,,53.4,61.2,1821.0,33.0,133.0,16.1
Varanasi,2026-02-12 18:47:32.387598,,47.6,54.1,574.0,13.0,105.0,13.7
Kanpur,2026-02-12 18:47:35.057527,,39.0,46.7,432.0,16.2,97.0,12.9
Amritsar,2026-02-12 18:47:38.338373,,56.9,60.1,972.0,29.7,94.0,13.9
Ludhiana,2026-02-12 18:47:41.005078,,64.5,65.4,647.0,24.7,67.0,9.8
Coimbatore,2026-02-12 18:47:44.275287,,18.7,20.5,281.0,8.2,121.0,5.4
Madurai,2026-02-12 18:47:46.454756,,25.5,27.5,247.0,8.9,108.0,6.3
Visakhapatnam,2026-02-12 18:47:51.864103,,42.7,45.2,534.0,24.9,125.0,14.7
Vijayawada,2026-02-12 18:47:53.566322,,43.7,44.8,291.0,6.1,126.0,12.9
Raipur,2026-02-12 18:47:55.129349,,73.1,75.2,537.0,26.0,107.0,28.2
Bhubaneswar,2026-02-12 18:47:57.898824,,68.0,70.3,574.0,15.4,131.0,19.4
Thiruvananthapuram,2026-02-12 18:48:00.055941,,35.0,39.2,285.0,3.0,170.0,5.7
Kochi,2026-02-12 18:48:02.394010,,36.3,38.0,256.0,9.3,150.0,5.1
Mysuru,2026-02-12 18:48:04.589091,,14.4,15.5,232.0,8.0,109.0,3.5
Jodhpur,2026-02-12 18:48:07.740788,,26.5,32.9,334.0,6.8,121.0,6.1
Udaipur,2026-02-12 18:48:10.401299,,38.8,40.9,333.0,4.1,131.0,10.4
Gwalior,2026-02-12 18:48:12.946562,,31.9,45.9,374.0,8.0,100.0,8.5
Jabalpur,2026-02-12 18:48:15.920009,,44.6,46.4,318.0,7.8,106.0,8.4
Agra,2026-02-12 18:48:17.969556,,51.5,59.8,464.0,27.1,90.0,17.6
Meerut,2026-02-12 18:48:21.548540,,35.9,38.3,456.0,19.5,104.0,21.0
Noida,2026-02-12 18:48:23.800598,,40.4,42.8,702.0,29.8,94.0,21.2
Gurugram,2026-02-12 18:48:26.460770,,40.4,42.8,1138.0,29.8,94.0,21.2
Faridabad,2026-02-12 18:48:29.204817,,40.4,42.8,738.0,29.8,94.0,21.2
Ghaziabad,2026-02-12 18:48:32.206410,,35.9,38.3,642.0,19.5,104.0,21.0
Panipat,2026-02-12 18:48:34.000895,,40.7,74.5,626.0,14.6,84.0,11.3
Sonipat,2026-02-12 18:48:36.288354,,39.0,41.7,593.0,24.8,98.0,21.7
Hisar,2026-02-12 18:48:38.453012,,37.0,38.4,464.0,16.4,78.0,5.6
Rohtak,2026-02-12 18:48:41.326142,,36.9,38.5,701.0,16.3,86.0,6.7
Bareilly,2026-02-12 18:48:43.677831,,28.9,30.6,344.0,8.6,113.0,11.6
Aligarh,2026-02-12 18:48:46.400778,,35.2,38.4,490.0,13.5,124.0,19.1
Moradabad,2026-02-12 18:48:49.304410,,32.2,33.5,432.0,10.8,105.0,12.2
Prayagraj,2026-02-12 18:48:53.196757,,35.9,41.3,451.0,9.3,98.0,10.8
Gorakhpur,2026-02-12 18:48:57.090601,,36.8,39.5,286.0,8.4,114.0,12.1
Deoghar,2026-02-12 18:48:58.673896,,46.4,52.0,296.0,8.7,125.0,10.5
Dhanbad,2026-02-12 18:49:01.393887,,48.8,55.3,233.0,25.6,95.0,28.2
Siliguri,2026-02-12 18:49:03.329069,,54.0,59.0,927.0,16.9,131.0,10.2
Asansol,2026-02-12 18:49:06.025482,,46.3,52.3,318.0,17.7,105.0,23.5
Jamshedpur,2026-02-12 18:49:07.559707,,50.5,60.5,317.0,25.7,107.0,32.8
Cuttack,2026-02-12 18:49:09.473917,,68.0,70.3,520.0,15.4,131.0,19.4
Rourkela,2026-02-12 18:49:11.780485,,39.2,45.9,781.0,17.2,96.0,14.8
Sambalpur,2026-02-12 18:49:14.108662,,62.4,65.9,499.0,11.0,141.0,25.8
Aurangabad,2026-02-12 18:49:17.770874,,38.4,39.5,412.0,4.7,150.0,8.7
Nashik,2026-02-12 18:49:21.026385,,36.7,37.6,365.0,9.5,148.0,8.8
Solapur,2026-02-12 18:49:22.691924,,25.8,26.8,402.0,4.6,148.0,7.6
Kolhapur,2026-02-12 18:49:24.539786,,32.7,33.9,385.0,19.6,118.0,7.7
Vadodara,2026-02-12 18:49:26.097193,,61.5,62.2,436.0,24.3,135.0,15.0
Rajkot,2026-02-12 18:49:27.718087,,36.3,38.2,295.0,5.4,136.0,10.6
Gandhinagar,2026-02-12 18:49:29.560393,,55.6,57.2,608.0,19.0,111.0,16.5
Tiruchirappalli,2026-02-12 18:49:31.205509,,31.0,32.5,286.0,9.1,117.0,16.4
Salem,2026-02-12 18:49:33.063259,,19.9,22.4,246.0,8.8,106.0,8.2
Erode,2026-02-12 18:49:37.123276,,21.5,24.1,242.0,9.7,116.0,5.1
Tirunelveli,2026-02-12 18:49:39.546488,,20.3,22.4,223.0,5.8,114.0,4.6
Warangal,2026-02-12 18:49:41.805755,,52.9,55.3,377.0,8.9,141.0,15.4
Nellore,2026-02-12 18:49:43.676012,,21.1,24.9,288.0,2.1,111.0,5.0
Kurnool,2026-02-12 18:49:48.397224,,24.8,26.1,262.0,3.4,126.0,8.1
Hubballi,2026-02-12 18:49:50.435634,,20.9,21.7,246.0,7.7,137.0,7.4
Mangaluru,2026-02-12 18:49:51.966238,,32.0,35.6,250.0,3.5,154.0,4.6
Belagavi,2026-02-12 18:49:53.917385,,18.6,19.6,265.0,8.2,126.0,5.1
Tirupati,2026-02-12 18:49:57.397623,,18.6,20.6,267.0,5.3,101.0,3.1
Pondicherry,2026-02-12 18:50:00.165234,,21.0,26.0,257.0,2.8,112.0,2.7
Delhi,2026-02-12 18:52:29.613780,,39.0,41.7,647.0,24.8,98.0,21.7
Mumbai,2026-02-12 18:52:31.726707,,66.8,68.7,524.0,27.0,265.0,28.1
Kolkata,2026-02-12 18:52:33.591218,,71.5,78.2,775.0,28.3,119.0,29.6
Chennai,2026-02-12 18:52:35.480970,,19.6,24.4,278.0,5.2,101.0,3.5
Bengaluru,2026-02-12 18:52:37.941690,,16.7,17.5,499.0,14.4,90.0,4.6
Hyderabad,2026-02-12 18:52:39.867975,,29.6,30.7,496.0,9.6,135.0,12.3
Pune,2026-02-12 18:52:42.191454,,28.4,29.5,350.0,9.8,140.0,7.4
Ahmedabad,2026-02-12 18:52:44.344347,,52.2,53.6,389.0,17.3,125.0,17.8
Jaipur,2026-02-12 18:52:46.213182,,31.7,40.4,416.0,9.8,131.0,8.9
Lucknow,2026-02-12 18:52:48.046826,,37.1,41.8,397.0,12.4,99.0,13.7
Chandigarh,2026-02-12 18:52:50.905460,,48.3,49.9,770.0,15.9,119.0,21.9
Bhopal,2026-02-12 18:52:52.433423,,51.5,53.0,409.0,5.8,112.0,9.3
Indore,2026-02-12 18:52:54.350061,,55.4,56.7,474.0,11.1,122.0,11.8
Nagpur,2026-02-12 18:52:56.923415,,60.3,61.9,429.0,22.6,146.0,43.5
Surat,2026-02-12 18:52:58.964627,,94.5,95.2,525.0,98.8,65.0,141.8
Patna,2026-02-12 18:53:00.993189,,71.2,76.6,502.0,15.7,117.0,19.3
Ranchi,2026-02-12 18:53:03.169203,,28.6,34.2,239.0,5.0,117.0,8.7
Guwahati,2026-02-12 18:53:04.761295,,33.5,36.0,701.0,9.2,100.0,4.5
Dehradun,2026-02-12 18:53:06.307976,,41.4,43.5,540.0,14.9,129.0,19.6
Shimla,2026-02-12 18:53:08.135387,,33.4,36.6,410.0,11.9,130.0,16.7
Srinagar,2026-02-12 18:53:10.123974,,53.4,61.2,1821.0,33.0,133.0,16.1
Varanasi,2026-02-12 18:53:12.049114,,47.6,54.1,574.0,13.0,105.0,13.7
Kanpur,2026-02-12 18:53:13.686409,,39.0,46.7,432.0,16.2,97.0,12.9
Amritsar,2026-02-12 18:53:15.191726,,56.9,60.1,972.0,29.7,94.0,13.9
Ludhiana,2026-02-12 18:53:18.412856,,64.5,65.4,647.0,24.7,67.0,9.8
Coimbatore,2026-02-12 18:53:20.388742,,18.7,20.5,281.0,8.2,121.0,5.4
Madurai,2026-02-12 18:53:24.268777,,25.5,27.5,247.0,8.9,108.0,6.3
Visakhapatnam,2026-02-12 18:53:26.779774,,42.7,45.2,534.0,24.9,125.0,14.7
Vijayawada,2026-02-12 18:53:28.864764,,43.7,44.8,291.0,6.1,126.0,12.9
Raipur,2026-02-12 18:53:30.707473,,73.1,75.2,537.0,26.0,107.0,28.2
Bhubaneswar,2026-02-12 18:53:33.171490,,68.0,70.3,574.0,15.4,131.0,19.4
Thiruvananthapuram,2026-02-12 18:53:37.873968,,35.0,39.2,285.0,3.0,170.0,5.7
Kochi,2026-02-12 18:53:40.255574,,36.3,38.0,256.0,9.3,150.0,5.1
Mysuru,2026-02-12 18:53:42.177163,,14.4,15.5,232.0,8.0,109.0,3.5
Jodhpur,2026-02-12 18:53:44.346692,,26.5,32.9,334.0,6.8,121.0,6.1
Udaipur,2026-02-12 18:53:46.372082,,38.8,40.9,333.0,4.1,131.0,10.4
Gwalior,2026-02-12 18:53:49.264170,,31.9,45.9,374.0,8.0,100.0,8.5
Jabalpur,2026-02-12 18:53:51.286860,,44.6,46.4,318.0,7.8,106.0,8.4
Agra,2026-02-12 18:53:53.444389,,51.5,59.8,464.0,27.1,90.0,17.6
Meerut,2026-02-12 18:53:55.794625,,35.9,38.3,456.0,19.5,104.0,21.0
Noida,2026-02-12 18:53:58.562782,,40.4,42.8,702.0,29.8,94.0,21.2
Gurugram,2026-02-12 18:54:00.616027,,40.4,42.8,1138.0,29.8,94.0,21.2
Faridabad,2026-02-12 18:54:02.925351,,40.4,42.8,738.0,29.8,94.0,21.2
Ghaziabad,2026-02-12 18:54:05.089727,,35.9,38.3,642.0,19.5,104.0,21.0
Panipat,2026-02-12 18:54:07.056952,,40.7,74.5,626.0,14.6,84.0,11.3
Sonipat,2026-02-12 18:54:08.972564,,39.0,41.7,593.0,24.8,98.0,21.7
Hisar,2026-02-12 18:54:11.042765,,37.0,38.4,464.0,16.4,78.0,5.6
Rohtak,2026-02-12 18:54:13.223049,,36.9,38.5,701.0,16.3,86.0,6.7
Bareilly,2026-02-12 18:54:16.150282,,28.9,30.6,344.0,8.6,113.0,11.6
Aligarh,2026-02-12 18:54:19.630105,,35.2,38.4,490.0,13.5,124.0,19.1
Moradabad,2026-02-12 18:54:21.645793,,32.2,33.5,432.0,10.8,105.0,12.2
Prayagraj,2026-02-12 18:54:23.854896,,35.9,41.3,451.0,9.3,98.0,10.8
Gorakhpur,2026-02-12 18:54:27.662584,,36.8,39.5,286.0,8.4,114.0,12.1
Deoghar,2026-02-12 18:54:30.135630,,46.4,52.0,296.0,8.7,125.0,10.5
Dhanbad,2026-02-12 18:54:33.918358,,48.8,55.3,233.0,25.6,95.0,28.2
Siliguri,2026-02-12 18:54:36.108545,,54.0,59.0,927.0,16.9,131.0,10.2
Asansol,2026-02-12 18:54:40.283716,,46.3,52.3,318.0,17.7,105.0,23.5
Jamshedpur,2026-02-12 18:54:42.446077,,50.5,60.5,317.0,25.7,107.0,32.8
Cuttack,2026-02-12 18:54:45.158235,,68.0,70.3,520.0,15.4,131.0,19.4
Rourkela,2026-02-12 18:54:50.575575,,39.2,45.9,781.0,17.2,96.0,14.8
Sambalpur,2026-02-12 18:54:54.791312,,62.4,65.9,499.0,11.0,141.0,25.8
Aurangabad,2026-02-12 18:54:57.468392,,38.4,39.5,412.0,4.7,150.0,8.7
Nashik,2026-02-12 18:54:59.761256,,36.7,37.6,365.0,9.5,148.0,8.8
Solapur,2026-02-12 18:55:02.121406,,25.8,26.8,402.0,4.6,148.0,7.6
Kolhapur,2026-02-12 18:55:03.618392,,32.7,33.9,385.0,19.6,118.0,7.7
Vadodara,2026-02-12 18:55:05.778517,,61.5,62.2,436.0,24.3,135.0,15.0
Rajkot,2026-02-12 18:55:08.194762,,36.3,38.2,295.0,5.4,136.0,10.6
Gandhinagar,2026-02-12 18:55:09.811009,,55.6,57.2,608.0,19.0,111.0,16.5
Tiruchirappalli,2026-02-12 18:55:11.368432,,31.0,32.5,286.0,9.1,117.0,16.4
Salem,2026-02-12 18:55:14.286978,,19.9,22.4,246.0,8.8,106.0,8.2
Erode,2026-02-12 18:55:16.060211,,21.5,24.1,242.0,9.7,116.0,5.1
Tirunelveli,2026-02-12 18:55:19.423098,,20.3,22.4,223.0,5.8,114.0,4.6
Warangal,2026-02-12 18:55:22.283927,,52.9,55.3,377.0,8.9,141.0,15.4
Nellore,2026-02-12 18:55:24.429500,,21.1,24.9,288.0,2.1,111.0,5.0
Kurnool,2026-02-12 18:55:26.651083,,24.8,26.1,262.0,3.4,126.0,8.1
Hubballi,2026-02-12 18:55:28.183150,,20.9,21.7,246.0,7.7,137.0,7.4
Mangaluru,2026-02-12 18:55:30.436121,,32.0,35.6,250.0,3.5,154.0,4.6
Belagavi,2026-02-12 18:55:32.602767,,18.6,19.6,265.0,8.2,126.0,5.1
Tirupati,2026-02-12 18:55:34.454202,,18.6,20.6,267.0,5.3,101.0,3.1
Pondicherry,2026-02-12 18:55:36.009389,,21.0,26.0,257.0,2.8,112.0,2.7
